{
  "images" : [
    {
      "filename" : "DALL·E 2024-12-10 17.45.59 - Create a 2D iOS app icon that takes up 80% of the screen with a main background color of soft lavender-blue (RGB_ 229, 232, 254). The icon's theme is .png",
      "idiom" : "universal",
      "platform" : "ios",
      "size" : "1024x1024"
    },
    {
      "appearances" : [
        {
          "appearance" : "luminosity",
          "value" : "dark"
        }
      ],
      "idiom" : "universal",
      "platform" : "ios",
      "size" : "1024x1024"
    },
    {
      "appearances" : [
        {
          "appearance" : "luminosity",
          "value" : "tinted"
        }
      ],
      "idiom" : "universal",
      "platform" : "ios",
      "size" : "1024x1024"
    }
  ],
  "info" : {
    "author" : "xcode",
    "version" : 1
  }
}
